MS/MS_sample_name,Protein_name,PTM_residues,PTM_corrected,Intensity,Total_intensity,Abundance,betaValue,MValue
Byrum_061019_MCF_NoTX_01.raw,Heterogeneous nuclear ribonucleoproteins C1/C2 OS=Homo sapiens OX=9606 GN=HNRNPC PE=1 SV=4,k7,k7: Unmodified,447060.3828,447060.3828,1,0.999776367,12.12625399
Byrum_061019_MCF_NoTX_01.raw,High mobility group protein HMG-I/HMG-Y OS=Homo sapiens OX=9606 GN=HMGA1 PE=1 SV=3,k17,k17: Unmodified,440433.5156,440433.5156,1,0.999773003,12.10470854
Byrum_061019_MCF_NoTX_01.raw,Histone H3.1t OS=Homo sapiens OX=9606 GN=HIST3H3 PE=1 SV=3,k122,k122: Unmodified,17055864.05,17055864.05,1,0.999994137,17.37990832
Byrum_061019_MCF_NoTX_01.raw,Histone H3.1t OS=Homo sapiens OX=9606 GN=HIST3H3 PE=1 SV=3,k23,k23: Acetyl,512864.0625,512864.0625,1,0.999805055,12.32436077
Byrum_061019_MCF_NoTX_01.raw,Histone H3.1t OS=Homo sapiens OX=9606 GN=HIST3H3 PE=1 SV=3,k36,k36: Unmodified,14678037.96,14730580.52,0.996433096,0.996426332,8.123213701
Byrum_061019_MCF_NoTX_01.raw,Histone H3.1t OS=Homo sapiens OX=9606 GN=HIST3H3 PE=1 SV=3,k56,k56: Unmodified,7406714.377,7454597.99,0.993576634,0.993563306,7.270148094
Byrum_061019_MCF_NoTX_01.raw,Histone H3.1t OS=Homo sapiens OX=9606 GN=HIST3H3 PE=1 SV=3,k14,k14: Unmodified,9009495.094,9757510.539,0.92333952,0.923330057,3.590113436
Byrum_061019_MCF_NoTX_01.raw,Histone H3.1t OS=Homo sapiens OX=9606 GN=HIST3H3 PE=1 SV=3,k79,k79: Unmodified,245555.8398,292277.0664,0.840147477,0.839860126,2.390816499
Byrum_061019_MCF_NoTX_01.raw,Histone H3.1t OS=Homo sapiens OX=9606 GN=HIST3H3 PE=1 SV=3,k9,k9: Methyl,7884910.617,9757510.539,0.808086303,0.808078021,2.073974658
Byrum_061019_MCF_NoTX_01.raw,Histone H3.1t OS=Homo sapiens OX=9606 GN=HIST3H3 PE=1 SV=3,k27,k27: Methyl,8118293.723,15243444.58,0.532576064,0.53257257,0.188235729
Byrum_061019_MCF_NoTX_01.raw,Histone H3.1t OS=Homo sapiens OX=9606 GN=HIST3H3 PE=1 SV=3,k27,k27: Unmodified,3928083.98,15243444.58,0.257690049,0.257688358,-1.526397633
Byrum_061019_MCF_NoTX_01.raw,Histone H3.1t OS=Homo sapiens OX=9606 GN=HIST3H3 PE=1 SV=3,k27,k27: Dimethyl,2719823.312,15243444.58,0.178425768,0.178424598,-2.203078468
Byrum_061019_MCF_NoTX_01.raw,Histone H3.1t OS=Homo sapiens OX=9606 GN=HIST3H3 PE=1 SV=3,k79,k79: Methyl,46721.22656,292277.0664,0.159852523,0.15979785,-2.394488481
Byrum_061019_MCF_NoTX_01.raw,Histone H3.1t OS=Homo sapiens OX=9606 GN=HIST3H3 PE=1 SV=3,k9,k9: Dimethyl,1465848.824,9757510.539,0.150227747,0.150226207,-2.499942334
Byrum_061019_MCF_NoTX_01.raw,Histone H3.1t OS=Homo sapiens OX=9606 GN=HIST3H3 PE=1 SV=3,k14,k14: Acetyl,748015.4453,9757510.539,0.07666048,0.076659695,-3.590322306
Byrum_061019_MCF_NoTX_01.raw,Histone H3.1t OS=Homo sapiens OX=9606 GN=HIST3H3 PE=1 SV=3,k9,k9: Trimethyl,361496.5938,9757510.539,0.037048035,0.037047655,-4.70001025
Byrum_061019_MCF_NoTX_01.raw,Histone H3.1t OS=Homo sapiens OX=9606 GN=HIST3H3 PE=1 SV=3,k27,k27: Trimethyl,477243.5703,15243444.58,0.031308119,0.031307913,-4.951438902
Byrum_061019_MCF_NoTX_01.raw,Histone H3.1t OS=Homo sapiens OX=9606 GN=HIST3H3 PE=1 SV=3,k56,k56: Methyl,47883.61328,7454597.99,0.006423366,0.00642328,-7.27317735
Byrum_061019_MCF_NoTX_01.raw,Histone H3.1t OS=Homo sapiens OX=9606 GN=HIST3H3 PE=1 SV=3,k9,k9: Unmodified,45254.50391,9757510.539,0.004637915,0.004637867,-7.745616117
Byrum_061019_MCF_NoTX_01.raw,Histone H3.1t OS=Homo sapiens OX=9606 GN=HIST3H3 PE=1 SV=3,k36,k36: Methyl,52542.5625,14730580.52,0.003566904,0.00356688,-8.125966685
Byrum_061019_MCF_NoTX_01.raw,Histone H3.3 OS=Homo sapiens OX=9606 GN=H3-3A PE=1 SV=2,k27,k27: Unmodified,21245155.48,21245155.48,1,0.999995293,17.69677438
Byrum_061019_MCF_NoTX_01.raw,Histone H3.3 OS=Homo sapiens OX=9606 GN=H3-3A PE=1 SV=2,k23,k23: Unmodified,20835187,20835187,1,0.9999952,17.66866252
Byrum_061019_MCF_NoTX_01.raw,Histone H3.3 OS=Homo sapiens OX=9606 GN=H3-3A PE=1 SV=2,k122,k122: Unmodified,17055864.05,17055864.05,1,0.999994137,17.37990832
Byrum_061019_MCF_NoTX_01.raw,Histone H3.3 OS=Homo sapiens OX=9606 GN=H3-3A PE=1 SV=2,k36,k36: Unmodified,409968.4844,409968.4844,1,0.999756138,12.00129729
Byrum_061019_MCF_NoTX_01.raw,Histone H3.3 OS=Homo sapiens OX=9606 GN=H3-3A PE=1 SV=2,k56,k56: Unmodified,7406714.377,7454597.99,0.993576634,0.993563306,7.270148094
Byrum_061019_MCF_NoTX_01.raw,Histone H3.3 OS=Homo sapiens OX=9606 GN=H3-3A PE=1 SV=2,k18,k18: Unmodified,29547144.98,30592697.54,0.96582346,0.965820303,4.820543261
Byrum_061019_MCF_NoTX_01.raw,Histone H3.3 OS=Homo sapiens OX=9606 GN=H3-3A PE=1 SV=2,k14,k14: Unmodified,9009495.094,9757510.539,0.92333952,0.923330057,3.590113436
Byrum_061019_MCF_NoTX_01.raw,Histone H3.3 OS=Homo sapiens OX=9606 GN=H3-3A PE=1 SV=2,k79,k79: Unmodified,245555.8398,292277.0664,0.840147477,0.839860126,2.390816499
Byrum_061019_MCF_NoTX_01.raw,Histone H3.3 OS=Homo sapiens OX=9606 GN=H3-3A PE=1 SV=2,k9,k9: Methyl,7884910.617,9757510.539,0.808086303,0.808078021,2.073974658
Byrum_061019_MCF_NoTX_01.raw,Histone H3.3 OS=Homo sapiens OX=9606 GN=H3-3A PE=1 SV=2,k79,k79: Methyl,46721.22656,292277.0664,0.159852523,0.15979785,-2.394488481
Byrum_061019_MCF_NoTX_01.raw,Histone H3.3 OS=Homo sapiens OX=9606 GN=H3-3A PE=1 SV=2,k9,k9: Dimethyl,1465848.824,9757510.539,0.150227747,0.150226207,-2.499942334
Byrum_061019_MCF_NoTX_01.raw,Histone H3.3 OS=Homo sapiens OX=9606 GN=H3-3A PE=1 SV=2,k14,k14: Acetyl,748015.4453,9757510.539,0.07666048,0.076659695,-3.590322306
Byrum_061019_MCF_NoTX_01.raw,Histone H3.3 OS=Homo sapiens OX=9606 GN=H3-3A PE=1 SV=2,k9,k9: Trimethyl,361496.5938,9757510.539,0.037048035,0.037047655,-4.70001025
Byrum_061019_MCF_NoTX_01.raw,Histone H3.3 OS=Homo sapiens OX=9606 GN=H3-3A PE=1 SV=2,k18,k18: Methyl,1045552.563,30592697.54,0.03417654,0.034176429,-4.820686121
Byrum_061019_MCF_NoTX_01.raw,Histone H3.3 OS=Homo sapiens OX=9606 GN=H3-3A PE=1 SV=2,k56,k56: Methyl,47883.61328,7454597.99,0.006423366,0.00642328,-7.27317735
Byrum_061019_MCF_NoTX_01.raw,Histone H3.3 OS=Homo sapiens OX=9606 GN=H3-3A PE=1 SV=2,k9,k9: Unmodified,45254.50391,9757510.539,0.004637915,0.004637867,-7.745616117
Byrum_061019_MCF_NoTX_01.raw,Histone H4 OS=Homo sapiens OX=9606 GN=H4C1 PE=1 SV=2,k31,k31: Unmodified,42272415.76,42272415.76,1,0.999997634,18.68935704
Byrum_061019_MCF_NoTX_01.raw,Histone H4 OS=Homo sapiens OX=9606 GN=H4C1 PE=1 SV=2,k16,k16: Unmodified,703855.125,703855.125,1,0.999857945,12.78106279
Byrum_061019_MCF_NoTX_01.raw,Histone H4 OS=Homo sapiens OX=9606 GN=H4C1 PE=1 SV=2,k20,k20: Dimethyl,2101452.201,2692161.441,0.780581792,0.780552798,1.830622347
Byrum_061019_MCF_NoTX_01.raw,Histone H4 OS=Homo sapiens OX=9606 GN=H4C1 PE=1 SV=2,r55,r55: Unmodified,632842.2422,846550.6016,0.747553945,0.74746565,1.565527643
Byrum_061019_MCF_NoTX_01.raw,Histone H4 OS=Homo sapiens OX=9606 GN=H4C1 PE=1 SV=2,r55,r55: Methyl,213708.3594,846550.6016,0.252446055,0.252416238,-1.566430514
Byrum_061019_MCF_NoTX_01.raw,Histone H4 OS=Homo sapiens OX=9606 GN=H4C1 PE=1 SV=2,k20,k20: Unmodified,304852.6309,2692161.441,0.113237128,0.113232922,-2.969261727
Byrum_061019_MCF_NoTX_01.raw,Histone H4 OS=Homo sapiens OX=9606 GN=H4C1 PE=1 SV=2,k20,k20: Methyl,285856.6094,2692161.441,0.10618108,0.106177136,-3.073515816
Byrum_061019_MCF_NoTX_01.raw,Stathmin OS=Homo sapiens OX=9606 GN=STMN1 PE=1 SV=3,k8,k8: Unmodified,46154.64453,46154.64453,1,0.997838055,8.850332023
Byrum_061019_MCF_NoTX_02.raw,Heterogeneous nuclear ribonucleoproteins C1/C2 OS=Homo sapiens OX=9606 GN=HNRNPC PE=1 SV=4,k7,k7: Unmodified,358200.1328,358200.1328,1,0.999720904,11.80655016
Byrum_061019_MCF_NoTX_02.raw,High mobility group protein HMG-I/HMG-Y OS=Homo sapiens OX=9606 GN=HMGA1 PE=1 SV=3,k17,k17: Unmodified,134675.0859,134675.0859,1,0.999258023,10.39526727
Byrum_061019_MCF_NoTX_02.raw,Histone H3.1t OS=Homo sapiens OX=9606 GN=HIST3H3 PE=1 SV=3,k14,k14: Unmodified,274524703.4,274524703.4,1,0.999999636,21.38850455
Byrum_061019_MCF_NoTX_02.raw,Histone H3.1t OS=Homo sapiens OX=9606 GN=HIST3H3 PE=1 SV=3,k122,k122: Unmodified,38962755.54,38962755.54,1,0.999997433,18.57173619
Byrum_061019_MCF_NoTX_02.raw,Histone H3.1t OS=Homo sapiens OX=9606 GN=HIST3H3 PE=1 SV=3,k56,k56: Unmodified,8270181.078,8270181.078,1,0.999987909,16.3356313
Byrum_061019_MCF_NoTX_02.raw,Histone H3.1t OS=Homo sapiens OX=9606 GN=HIST3H3 PE=1 SV=3,k23,k23: Acetyl,153021.4844,153021.4844,1,0.999346924,10.57951851
Byrum_061019_MCF_NoTX_02.raw,Histone H3.1t OS=Homo sapiens OX=9606 GN=HIST3H3 PE=1 SV=3,k36,k36: Unmodified,26916928.11,26992173.04,0.997212342,0.997208648,8.480787478
Byrum_061019_MCF_NoTX_02.raw,Histone H3.1t OS=Homo sapiens OX=9606 GN=HIST3H3 PE=1 SV=3,k79,k79: Unmodified,950251.3867,1042067.371,0.911890549,0.911803049,3.369921549
Byrum_061019_MCF_NoTX_02.raw,Histone H3.1t OS=Homo sapiens OX=9606 GN=HIST3H3 PE=1 SV=3,k9,k9: Unmodified,190229544.5,274524703.4,0.692941444,0.692941192,1.174217933
Byrum_061019_MCF_NoTX_02.raw,Histone H3.1t OS=Homo sapiens OX=9606 GN=HIST3H3 PE=1 SV=3,k27,k27: Methyl,16781991.07,27145194.53,0.618230643,0.618228366,0.695429935
Byrum_061019_MCF_NoTX_02.raw,Histone H3.1t OS=Homo sapiens OX=9606 GN=HIST3H3 PE=1 SV=3,k9,k9: Methyl,82917230.72,274524703.4,0.302039233,0.302039123,-1.208410741
Byrum_061019_MCF_NoTX_02.raw,Histone H3.1t OS=Homo sapiens OX=9606 GN=HIST3H3 PE=1 SV=3,k27,k27: Unmodified,5262086.018,27145194.53,0.193849634,0.19384892,-2.056117544
Byrum_061019_MCF_NoTX_02.raw,Histone H3.1t OS=Homo sapiens OX=9606 GN=HIST3H3 PE=1 SV=3,k27,k27: Dimethyl,3804968.719,27145194.53,0.140170987,0.140170471,-2.616868202
Byrum_061019_MCF_NoTX_02.raw,Histone H3.1t OS=Homo sapiens OX=9606 GN=HIST3H3 PE=1 SV=3,k79,k79: Methyl,91815.98438,1042067.371,0.088109451,0.088100997,-3.371643798
Byrum_061019_MCF_NoTX_02.raw,Histone H3.1t OS=Homo sapiens OX=9606 GN=HIST3H3 PE=1 SV=3,k27,k27: Trimethyl,1296148.723,27145194.53,0.047748736,0.04774856,-4.317813437
Byrum_061019_MCF_NoTX_02.raw,Histone H3.1t OS=Homo sapiens OX=9606 GN=HIST3H3 PE=1 SV=3,k9,k9: Dimethyl,802566.625,274524703.4,0.002923477,0.002923476,-8.413875764
Byrum_061019_MCF_NoTX_02.raw,Histone H3.1t OS=Homo sapiens OX=9606 GN=HIST3H3 PE=1 SV=3,k36,k36: Dimethyl,75244.9375,26992173.04,0.002787658,0.002787647,-8.482708896
Byrum_061019_MCF_NoTX_02.raw,Histone H3.1t OS=Homo sapiens OX=9606 GN=HIST3H3 PE=1 SV=3,k9,k9: Trimethyl,575361.543,274524703.4,0.002095846,0.002095845,-8.895225154
Byrum_061019_MCF_NoTX_02.raw,Histone H3.3 OS=Homo sapiens OX=9606 GN=H3-3A PE=1 SV=2,k14,k14: Unmodified,274524703.4,274524703.4,1,0.999999636,21.38850455
Byrum_061019_MCF_NoTX_02.raw,Histone H3.3 OS=Homo sapiens OX=9606 GN=H3-3A PE=1 SV=2,k122,k122: Unmodified,38962755.54,38962755.54,1,0.999997433,18.57173619
Byrum_061019_MCF_NoTX_02.raw,Histone H3.3 OS=Homo sapiens OX=9606 GN=H3-3A PE=1 SV=2,k27,k27: Unmodified,18642621.46,18642621.46,1,0.999994636,17.50824522
Byrum_061019_MCF_NoTX_02.raw,Histone H3.3 OS=Homo sapiens OX=9606 GN=H3-3A PE=1 SV=2,k23,k23: Unmodified,18067059.52,18067059.52,1,0.999994465,17.4630022
Byrum_061019_MCF_NoTX_02.raw,Histone H3.3 OS=Homo sapiens OX=9606 GN=H3-3A PE=1 SV=2,k56,k56: Unmodified,8270181.078,8270181.078,1,0.999987909,16.3356313
Byrum_061019_MCF_NoTX_02.raw,Histone H3.3 OS=Homo sapiens OX=9606 GN=H3-3A PE=1 SV=2,k36,k36: Unmodified,575561.9453,575561.9453,1,0.999826287,12.49075549
Byrum_061019_MCF_NoTX_02.raw,Histone H3.3 OS=Homo sapiens OX=9606 GN=H3-3A PE=1 SV=2,k18,k18: Unmodified,290967395.8,292591762.9,0.99444835,0.99444801,7.484747144
Byrum_061019_MCF_NoTX_02.raw,Histone H3.3 OS=Homo sapiens OX=9606 GN=H3-3A PE=1 SV=2,k79,k79: Unmodified,950251.3867,1042067.371,0.911890549,0.911803049,3.369921549
Byrum_061019_MCF_NoTX_02.raw,Histone H3.3 OS=Homo sapiens OX=9606 GN=H3-3A PE=1 SV=2,k9,k9: Unmodified,190229544.5,274524703.4,0.692941444,0.692941192,1.174217933
Byrum_061019_MCF_NoTX_02.raw,Histone H3.3 OS=Homo sapiens OX=9606 GN=H3-3A PE=1 SV=2,k9,k9: Methyl,82917230.72,274524703.4,0.302039233,0.302039123,-1.208410741
Byrum_061019_MCF_NoTX_02.raw,Histone H3.3 OS=Homo sapiens OX=9606 GN=H3-3A PE=1 SV=2,k79,k79: Methyl,91815.98438,1042067.371,0.088109451,0.088100997,-3.371643798
Byrum_061019_MCF_NoTX_02.raw,Histone H3.3 OS=Homo sapiens OX=9606 GN=H3-3A PE=1 SV=2,k18,k18: Methyl,1624367.125,292591762.9,0.00555165,0.005551648,-7.484836453
Byrum_061019_MCF_NoTX_02.raw,Histone H3.3 OS=Homo sapiens OX=9606 GN=H3-3A PE=1 SV=2,k9,k9: Dimethyl,802566.625,274524703.4,0.002923477,0.002923476,-8.413875764
Byrum_061019_MCF_NoTX_02.raw,Histone H3.3 OS=Homo sapiens OX=9606 GN=H3-3A PE=1 SV=2,k9,k9: Trimethyl,575361.543,274524703.4,0.002095846,0.002095845,-8.895225154
Byrum_061019_MCF_NoTX_02.raw,Histone H4 OS=Homo sapiens OX=9606 GN=H4C1 PE=1 SV=2,k31,k31: Unmodified,79238470.4,79238470.4,1,0.999998738,19.59584151
Byrum_061019_MCF_NoTX_02.raw,Histone H4 OS=Homo sapiens OX=9606 GN=H4C1 PE=1 SV=2,k16,k16: Unmodified,542321.625,542321.625,1,0.999815642,12.40493298
Byrum_061019_MCF_NoTX_02.raw,Histone H4 OS=Homo sapiens OX=9606 GN=H4C1 PE=1 SV=2,r55,r55: Unmodified,2414747.703,2729733.719,0.884609252,0.884576847,2.938054832
Byrum_061019_MCF_NoTX_02.raw,Histone H4 OS=Homo sapiens OX=9606 GN=H4C1 PE=1 SV=2,k20,k20: Dimethyl,555954.873,1022816.682,0.543552802,0.543499664,0.251663223
Byrum_061019_MCF_NoTX_02.raw,Histone H4 OS=Homo sapiens OX=9606 GN=H4C1 PE=1 SV=2,k20,k20: Unmodified,265508.9512,1022816.682,0.259586059,0.259560682,-1.512309646
Byrum_061019_MCF_NoTX_02.raw,Histone H4 OS=Homo sapiens OX=9606 GN=H4C1 PE=1 SV=2,k20,k20: Methyl,201352.8574,1022816.682,0.196861139,0.196841894,-2.028646711
Byrum_061019_MCF_NoTX_02.raw,Histone H4 OS=Homo sapiens OX=9606 GN=H4C1 PE=1 SV=2,r55,r55: Methyl,314986.0156,2729733.719,0.115390748,0.115386521,-2.938572522
Byrum_061019_MCF_NoTX_02.raw,Stathmin OS=Homo sapiens OX=9606 GN=STMN1 PE=1 SV=3,k8,k8: Unmodified,55266.64453,55266.64453,1,0.998193858,9.110265213
Byrum_061019_MCF_NoTX_03.raw,Histone H3.1t OS=Homo sapiens OX=9606 GN=HIST3H3 PE=1 SV=3,k14,k14: Unmodified,344299714,344299714,1,0.99999971,21.71523355
Byrum_061019_MCF_NoTX_03.raw,Histone H3.1t OS=Homo sapiens OX=9606 GN=HIST3H3 PE=1 SV=3,k56,k56: Unmodified,49645276.04,49736969.49,0.998156433,0.998154426,9.079049469
Byrum_061019_MCF_NoTX_03.raw,Histone H3.1t OS=Homo sapiens OX=9606 GN=HIST3H3 PE=1 SV=3,k122,k122: Unmodified,93895273.58,94140309.88,0.997397116,0.997396057,8.581324611
Byrum_061019_MCF_NoTX_03.raw,Histone H3.1t OS=Homo sapiens OX=9606 GN=HIST3H3 PE=1 SV=3,k9,k9: Methyl,321302846.7,344299714,0.933206836,0.933206565,3.804418239
Byrum_061019_MCF_NoTX_03.raw,Histone H3.1t OS=Homo sapiens OX=9606 GN=HIST3H3 PE=1 SV=3,k36,k36: Unmodified,27725879.23,35747070.73,0.775612621,0.775610451,1.789326764
Byrum_061019_MCF_NoTX_03.raw,Histone H3.1t OS=Homo sapiens OX=9606 GN=HIST3H3 PE=1 SV=3,k79,k79: Unmodified,339127.207,444369.293,0.76316526,0.762993557,1.686744599
Byrum_061019_MCF_NoTX_03.raw,Histone H3.1t OS=Homo sapiens OX=9606 GN=HIST3H3 PE=1 SV=3,k27,k27: Methyl,22739092.53,35747070.73,0.636110654,0.636108874,0.805766845
Byrum_061019_MCF_NoTX_03.raw,Histone H3.1t OS=Homo sapiens OX=9606 GN=HIST3H3 PE=1 SV=3,k79,k79: Methyl,105242.0859,444369.293,0.23683474,0.236781455,-1.688540134
Byrum_061019_MCF_NoTX_03.raw,Histone H3.1t OS=Homo sapiens OX=9606 GN=HIST3H3 PE=1 SV=3,k36,k36: Methyl,8021191.5,35747070.73,0.224387379,0.224386751,-1.789349953
Byrum_061019_MCF_NoTX_03.raw,Histone H3.1t OS=Homo sapiens OX=9606 GN=HIST3H3 PE=1 SV=3,k27,k27: Unmodified,6520489.34,35747070.73,0.182406256,0.182405746,-2.164233881
Byrum_061019_MCF_NoTX_03.raw,Histone H3.1t OS=Homo sapiens OX=9606 GN=HIST3H3 PE=1 SV=3,k27,k27: Dimethyl,4476694.277,35747070.73,0.125232479,0.125232128,-2.804295499
Byrum_061019_MCF_NoTX_03.raw,Histone H3.1t OS=Homo sapiens OX=9606 GN=HIST3H3 PE=1 SV=3,k9,k9: Unmodified,21295387.38,344299714,0.061851307,0.061851289,-3.922941057
Byrum_061019_MCF_NoTX_03.raw,Histone H3.1t OS=Homo sapiens OX=9606 GN=HIST3H3 PE=1 SV=3,k27,k27: Trimethyl,2010794.578,35747070.73,0.056250611,0.056250454,-4.068467403
Byrum_061019_MCF_NoTX_03.raw,Histone H3.1t OS=Homo sapiens OX=9606 GN=HIST3H3 PE=1 SV=3,k9,k9: Dimethyl,1118466.609,344299714,0.003248526,0.003248525,-8.261305144
Byrum_061019_MCF_NoTX_03.raw,Histone H3.1t OS=Homo sapiens OX=9606 GN=HIST3H3 PE=1 SV=3,k122,k122: Methyl,245036.2969,94140309.88,0.002602884,0.002602881,-8.581914795
Byrum_061019_MCF_NoTX_03.raw,Histone H3.1t OS=Homo sapiens OX=9606 GN=HIST3H3 PE=1 SV=3,k56,k56: Methyl,91693.45313,49736969.49,0.001843567,0.001843564,-9.080624907
Byrum_061019_MCF_NoTX_03.raw,Histone H3.1t OS=Homo sapiens OX=9606 GN=HIST3H3 PE=1 SV=3,k9,k9: Trimethyl,354099.3281,344299714,0.001028462,0.001028462,-9.923811059
Byrum_061019_MCF_NoTX_03.raw,Histone H3.1t OS=Homo sapiens OX=9606 GN=HIST3H3 PE=1 SV=3,k9,k9: Acetyl,228913.9531,344299714,0.000664868,0.000664868,-10.55368476
Byrum_061019_MCF_NoTX_03.raw,Histone H3.3 OS=Homo sapiens OX=9606 GN=H3-3A PE=1 SV=2,k14,k14: Unmodified,344299714,344299714,1,0.99999971,21.71523355
Byrum_061019_MCF_NoTX_03.raw,Histone H3.3 OS=Homo sapiens OX=9606 GN=H3-3A PE=1 SV=2,k27,k27: Unmodified,30337279.22,30337279.22,1,0.999996704,18.21073218
Byrum_061019_MCF_NoTX_03.raw,Histone H3.3 OS=Homo sapiens OX=9606 GN=H3-3A PE=1 SV=2,k23,k23: Unmodified,29615978.66,29615978.66,1,0.999996623,18.17601624
Byrum_061019_MCF_NoTX_03.raw,Histone H3.3 OS=Homo sapiens OX=9606 GN=H3-3A PE=1 SV=2,k36,k36: Unmodified,721300.5625,721300.5625,1,0.999861381,12.81638483
Byrum_061019_MCF_NoTX_03.raw,Histone H3.3 OS=Homo sapiens OX=9606 GN=H3-3A PE=1 SV=2,k56,k56: Unmodified,49645276.04,49736969.49,0.998156433,0.998154426,9.079049469
Byrum_061019_MCF_NoTX_03.raw,Histone H3.3 OS=Homo sapiens OX=9606 GN=H3-3A PE=1 SV=2,k122,k122: Unmodified,93895273.58,94140309.88,0.997397116,0.997396057,8.581324611
Byrum_061019_MCF_NoTX_03.raw,Histone H3.3 OS=Homo sapiens OX=9606 GN=H3-3A PE=1 SV=2,k18,k18: Unmodified,372098079.6,373915692.6,0.995138976,0.99513871,7.677414705
Byrum_061019_MCF_NoTX_03.raw,Histone H3.3 OS=Homo sapiens OX=9606 GN=H3-3A PE=1 SV=2,k9,k9: Methyl,321302846.7,344299714,0.933206836,0.933206565,3.804418239
Byrum_061019_MCF_NoTX_03.raw,Histone H3.3 OS=Homo sapiens OX=9606 GN=H3-3A PE=1 SV=2,k79,k79: Unmodified,339127.207,444369.293,0.76316526,0.762993557,1.686744599
Byrum_061019_MCF_NoTX_03.raw,Histone H3.3 OS=Homo sapiens OX=9606 GN=H3-3A PE=1 SV=2,k79,k79: Methyl,105242.0859,444369.293,0.23683474,0.236781455,-1.688540134
Byrum_061019_MCF_NoTX_03.raw,Histone H3.3 OS=Homo sapiens OX=9606 GN=H3-3A PE=1 SV=2,k9,k9: Unmodified,21295387.38,344299714,0.061851307,0.061851289,-3.922941057
Byrum_061019_MCF_NoTX_03.raw,Histone H3.3 OS=Homo sapiens OX=9606 GN=H3-3A PE=1 SV=2,k18,k18: Methyl,1817613,373915692.6,0.004861024,0.004861022,-7.677494464
Byrum_061019_MCF_NoTX_03.raw,Histone H3.3 OS=Homo sapiens OX=9606 GN=H3-3A PE=1 SV=2,k9,k9: Dimethyl,1118466.609,344299714,0.003248526,0.003248525,-8.261305144
Byrum_061019_MCF_NoTX_03.raw,Histone H3.3 OS=Homo sapiens OX=9606 GN=H3-3A PE=1 SV=2,k122,k122: Methyl,245036.2969,94140309.88,0.002602884,0.002602881,-8.581914795
Byrum_061019_MCF_NoTX_03.raw,Histone H3.3 OS=Homo sapiens OX=9606 GN=H3-3A PE=1 SV=2,k56,k56: Methyl,91693.45313,49736969.49,0.001843567,0.001843564,-9.080624907
Byrum_061019_MCF_NoTX_03.raw,Histone H3.3 OS=Homo sapiens OX=9606 GN=H3-3A PE=1 SV=2,k9,k9: Trimethyl,354099.3281,344299714,0.001028462,0.001028462,-9.923811059
Byrum_061019_MCF_NoTX_03.raw,Histone H3.3 OS=Homo sapiens OX=9606 GN=H3-3A PE=1 SV=2,k9,k9: Acetyl,228913.9531,344299714,0.000664868,0.000664868,-10.55368476
Byrum_061019_MCF_NoTX_03.raw,Histone H4 OS=Homo sapiens OX=9606 GN=H4C1 PE=1 SV=2,k31,k31: Unmodified,131643705.7,131643705.7,1,0.99999924,20.32820711
Byrum_061019_MCF_NoTX_03.raw,Histone H4 OS=Homo sapiens OX=9606 GN=H4C1 PE=1 SV=2,k20,k20: Dimethyl,7480626.076,8936367.133,0.837099233,0.837089866,2.361306163
Byrum_061019_MCF_NoTX_03.raw,Histone H4 OS=Homo sapiens OX=9606 GN=H4C1 PE=1 SV=2,r55,r55: Unmodified,2164567.57,3101581.668,0.697891528,0.697869028,1.207782219
Byrum_061019_MCF_NoTX_03.raw,Histone H4 OS=Homo sapiens OX=9606 GN=H4C1 PE=1 SV=2,r55,r55: Methyl,779575.4766,3101581.668,0.251347719,0.251339615,-1.574673336
Byrum_061019_MCF_NoTX_03.raw,Histone H4 OS=Homo sapiens OX=9606 GN=H4C1 PE=1 SV=2,k20,k20: Methyl,730716.3281,8936367.133,0.081768835,0.08176792,-3.489251992
Byrum_061019_MCF_NoTX_03.raw,Histone H4 OS=Homo sapiens OX=9606 GN=H4C1 PE=1 SV=2,k20,k20: Unmodified,725024.7285,8936367.133,0.081131932,0.081131024,-3.501533558
Byrum_061019_MCF_NoTX_03.raw,Histone H4 OS=Homo sapiens OX=9606 GN=H4C1 PE=1 SV=2,r55,r55: Dimethyl,157438.6211,3101581.668,0.050760753,0.050759116,-4.225035375
Byrum_061019_MCF_NoTX_03.raw,Stathmin OS=Homo sapiens OX=9606 GN=STMN1 PE=1 SV=3,k8,k8: Unmodified,62438.51563,62438.51563,1,0.998400985,9.28629243
Byrum_061019_MDA_NoTX_01.raw,Heterogeneous nuclear ribonucleoproteins C1/C2 OS=Homo sapiens OX=9606 GN=HNRNPC PE=1 SV=4,k7,k7: Unmodified,130034.625,130034.625,1,0.999231565,10.34468011
Byrum_061019_MDA_NoTX_01.raw,High mobility group protein HMG-I/HMG-Y OS=Homo sapiens OX=9606 GN=HMGA1 PE=1 SV=3,k17,k17: Methyl,266063.0313,366827.9961,0.725307321,0.725109651,1.39934292
Byrum_061019_MDA_NoTX_01.raw,High mobility group protein HMG-I/HMG-Y OS=Homo sapiens OX=9606 GN=HMGA1 PE=1 SV=3,k17,k17: Unmodified,100764.9648,366827.9961,0.274692679,0.274617816,-1.401316089
Byrum_061019_MDA_NoTX_01.raw,Histone H3.1t OS=Homo sapiens OX=9606 GN=HIST3H3 PE=1 SV=3,k14,k14: Unmodified,616620887.1,616620887.1,1,0.999999838,22.55595233
Byrum_061019_MDA_NoTX_01.raw,Histone H3.1t OS=Homo sapiens OX=9606 GN=HIST3H3 PE=1 SV=3,k122,k122: Unmodified,145133189.5,145133189.5,1,0.999999311,20.46894605
Byrum_061019_MDA_NoTX_01.raw,Histone H3.1t OS=Homo sapiens OX=9606 GN=HIST3H3 PE=1 SV=3,k56,k56: Unmodified,16692907.07,16692907.07,1,0.999994009,17.3488757
Byrum_061019_MDA_NoTX_01.raw,Histone H3.1t OS=Homo sapiens OX=9606 GN=HIST3H3 PE=1 SV=3,k9,k9: Methyl,611771539.3,616620887.1,0.992135609,0.992135448,6.979028687
Byrum_061019_MDA_NoTX_01.raw,Histone H3.1t OS=Homo sapiens OX=9606 GN=HIST3H3 PE=1 SV=3,k36,k36: Unmodified,53252230.3,55115922.08,0.966185964,0.966184211,4.83652935
Byrum_061019_MDA_NoTX_01.raw,Histone H3.1t OS=Homo sapiens OX=9606 GN=HIST3H3 PE=1 SV=3,k79,k79: Unmodified,1265035.969,1419592.965,0.891125837,0.891063068,3.032034404
Byrum_061019_MDA_NoTX_01.raw,Histone H3.1t OS=Homo sapiens OX=9606 GN=HIST3H3 PE=1 SV=3,k27,k27: Dimethyl,26227607.98,55115922.08,0.475862636,0.475861773,-0.13940477
Byrum_061019_MDA_NoTX_01.raw,Histone H3.1t OS=Homo sapiens OX=9606 GN=HIST3H3 PE=1 SV=3,k27,k27: Methyl,13705668.06,55115922.08,0.24866985,0.248669399,-1.595218885
Byrum_061019_MDA_NoTX_01.raw,Histone H3.1t OS=Homo sapiens OX=9606 GN=HIST3H3 PE=1 SV=3,k27,k27: Trimethyl,10571394.66,55115922.08,0.191802918,0.19180257,-2.075085717
Byrum_061019_MDA_NoTX_01.raw,Histone H3.1t OS=Homo sapiens OX=9606 GN=HIST3H3 PE=1 SV=3,k79,k79: Methyl,154556.9961,1419592.965,0.108874163,0.108866494,-3.03308158
Byrum_061019_MDA_NoTX_01.raw,Histone H3.1t OS=Homo sapiens OX=9606 GN=HIST3H3 PE=1 SV=3,k27,k27: Unmodified,4611251.387,55115922.08,0.083664597,0.083664445,-3.453189449
Byrum_061019_MDA_NoTX_01.raw,Histone H3.1t OS=Homo sapiens OX=9606 GN=HIST3H3 PE=1 SV=3,k36,k36: Methyl,1863691.781,55115922.08,0.033814036,0.033813975,-4.836609468
Byrum_061019_MDA_NoTX_01.raw,Histone H3.1t OS=Homo sapiens OX=9606 GN=HIST3H3 PE=1 SV=3,k9,k9: Unmodified,3769638.471,616620887.1,0.006113381,0.00611338,-7.344967203
Byrum_061019_MDA_NoTX_01.raw,Histone H3.1t OS=Homo sapiens OX=9606 GN=HIST3H3 PE=1 SV=3,k9,k9: Trimethyl,544867.9375,616620887.1,0.000883635,0.000883635,-10.1429863
Byrum_061019_MDA_NoTX_01.raw,Histone H3.1t OS=Homo sapiens OX=9606 GN=HIST3H3 PE=1 SV=3,k9,k9: Dimethyl,534841.4453,616620887.1,0.000867375,0.000867375,-10.16980511
Byrum_061019_MDA_NoTX_01.raw,Histone H3.3 OS=Homo sapiens OX=9606 GN=H3-3A PE=1 SV=2,k14,k14: Unmodified,616620887.1,616620887.1,1,0.999999838,22.55595233
Byrum_061019_MDA_NoTX_01.raw,Histone H3.3 OS=Homo sapiens OX=9606 GN=H3-3A PE=1 SV=2,k122,k122: Unmodified,145133189.5,145133189.5,1,0.999999311,20.46894605
Byrum_061019_MDA_NoTX_01.raw,Histone H3.3 OS=Homo sapiens OX=9606 GN=H3-3A PE=1 SV=2,k27,k27: Unmodified,39858127,39858127,1,0.999997491,18.60451439
Byrum_061019_MDA_NoTX_01.raw,Histone H3.3 OS=Homo sapiens OX=9606 GN=H3-3A PE=1 SV=2,k56,k56: Unmodified,16692907.07,16692907.07,1,0.999994009,17.3488757
Byrum_061019_MDA_NoTX_01.raw,Histone H3.3 OS=Homo sapiens OX=9606 GN=H3-3A PE=1 SV=2,k36,k36: Unmodified,570380.5625,570380.5625,1,0.999824709,12.4777091
Byrum_061019_MDA_NoTX_01.raw,Histone H3.3 OS=Homo sapiens OX=9606 GN=H3-3A PE=1 SV=2,k18,k18: Unmodified,654996674.4,655908633.5,0.998609625,0.998609472,9.488144466
Byrum_061019_MDA_NoTX_01.raw,Histone H3.3 OS=Homo sapiens OX=9606 GN=H3-3A PE=1 SV=2,k9,k9: Methyl,611771539.3,616620887.1,0.992135609,0.992135448,6.979028687
Byrum_061019_MDA_NoTX_01.raw,Histone H3.3 OS=Homo sapiens OX=9606 GN=H3-3A PE=1 SV=2,k79,k79: Unmodified,1265035.969,1419592.965,0.891125837,0.891063068,3.032034404
Byrum_061019_MDA_NoTX_01.raw,Histone H3.3 OS=Homo sapiens OX=9606 GN=H3-3A PE=1 SV=2,k23,k23: Unmodified,34836884.28,39287746.44,0.886711187,0.88670893,2.968426459
Byrum_061019_MDA_NoTX_01.raw,Histone H3.3 OS=Homo sapiens OX=9606 GN=H3-3A PE=1 SV=2,k23,k23: Acetyl,4450862.156,39287746.44,0.113288813,0.113288525,-2.968463014
Byrum_061019_MDA_NoTX_01.raw,Histone H3.3 OS=Homo sapiens OX=9606 GN=H3-3A PE=1 SV=2,k79,k79: Methyl,154556.9961,1419592.965,0.108874163,0.108866494,-3.03308158
Byrum_061019_MDA_NoTX_01.raw,Histone H3.3 OS=Homo sapiens OX=9606 GN=H3-3A PE=1 SV=2,k9,k9: Unmodified,3769638.471,616620887.1,0.006113381,0.00611338,-7.344967203
Byrum_061019_MDA_NoTX_01.raw,Histone H3.3 OS=Homo sapiens OX=9606 GN=H3-3A PE=1 SV=2,k18,k18: Methyl,911959.1563,655908633.5,0.001390375,0.001390375,-9.488302874
Byrum_061019_MDA_NoTX_01.raw,Histone H3.3 OS=Homo sapiens OX=9606 GN=H3-3A PE=1 SV=2,k9,k9: Trimethyl,544867.9375,616620887.1,0.000883635,0.000883635,-10.1429863
Byrum_061019_MDA_NoTX_01.raw,Histone H3.3 OS=Homo sapiens OX=9606 GN=H3-3A PE=1 SV=2,k9,k9: Dimethyl,534841.4453,616620887.1,0.000867375,0.000867375,-10.16980511
Byrum_061019_MDA_NoTX_01.raw,Histone H4 OS=Homo sapiens OX=9606 GN=H4C1 PE=1 SV=2,k31,k31: Unmodified,576708853.9,576708853.9,1,0.999999827,22.45941174
Byrum_061019_MDA_NoTX_01.raw,Histone H4 OS=Homo sapiens OX=9606 GN=H4C1 PE=1 SV=2,k16,k16: Unmodified,1181496.125,1181496.125,1,0.999915369,13.52832728
Byrum_061019_MDA_NoTX_01.raw,Histone H4 OS=Homo sapiens OX=9606 GN=H4C1 PE=1 SV=2,k20,k20: Dimethyl,102496868.9,125583568.7,0.816164646,0.816163997,2.150439731
Byrum_061019_MDA_NoTX_01.raw,Histone H4 OS=Homo sapiens OX=9606 GN=H4C1 PE=1 SV=2,r55,r55: Unmodified,1400025.391,1939862.742,0.721713635,0.721676432,1.374589064
Byrum_061019_MDA_NoTX_01.raw,Histone H4 OS=Homo sapiens OX=9606 GN=H4C1 PE=1 SV=2,r55,r55: Methyl,424775.2969,1939862.742,0.218971831,0.218960544,-1.834724509
Byrum_061019_MDA_NoTX_01.raw,Histone H4 OS=Homo sapiens OX=9606 GN=H4C1 PE=1 SV=2,k20,k20: Methyl,15670339.94,125583568.7,0.124780177,0.124780078,-2.810257965
Byrum_061019_MDA_NoTX_01.raw,Histone H4 OS=Homo sapiens OX=9606 GN=H4C1 PE=1 SV=2,r55,r55: Dimethyl,115062.0547,1939862.742,0.059314534,0.059311477,-3.98733391
Byrum_061019_MDA_NoTX_01.raw,Histone H4 OS=Homo sapiens OX=9606 GN=H4C1 PE=1 SV=2,k20,k20: Unmodified,7416359.811,125583568.7,0.059055176,0.059055129,-3.993975918
Byrum_061019_MDA_NoTX_01.raw,Stathmin OS=Homo sapiens OX=9606 GN=STMN1 PE=1 SV=3,s24,s24: Unmodified,711017.125,711017.125,1,0.999859376,12.79566859
Byrum_061019_MDA_NoTX_01.raw,Stathmin OS=Homo sapiens OX=9606 GN=STMN1 PE=1 SV=3,k8,k8: Unmodified,188256.4063,188256.4063,1,0.999469092,10.87848324
Byrum_061019_MDA_NoTX_02.raw,Heterogeneous nuclear ribonucleoproteins C1/C2 OS=Homo sapiens OX=9606 GN=HNRNPC PE=1 SV=4,k7,k7: Unmodified,104579.0938,205188.2109,0.509673988,0.509425716,0.054400177
Byrum_061019_MDA_NoTX_02.raw,Heterogeneous nuclear ribonucleoproteins C1/C2 OS=Homo sapiens OX=9606 GN=HNRNPC PE=1 SV=4,k7,k7: Methyl,100609.1172,205188.2109,0.490326012,0.490087164,-0.057212292
Byrum_061019_MDA_NoTX_02.raw,High mobility group protein HMG-I/HMG-Y OS=Homo sapiens OX=9606 GN=HMGA1 PE=1 SV=3,k17,k17: Unmodified,444196.2344,710722.4844,0.624992517,0.624904592,0.736378338
Byrum_061019_MDA_NoTX_02.raw,High mobility group protein HMG-I/HMG-Y OS=Homo sapiens OX=9606 GN=HMGA1 PE=1 SV=3,k17,k17: Methyl,266526.25,710722.4844,0.375007483,0.374954726,-0.737244284
Byrum_061019_MDA_NoTX_02.raw,Histone H3.1t OS=Homo sapiens OX=9606 GN=HIST3H3 PE=1 SV=3,k14,k14: Unmodified,1480898020,1480958266,0.999959319,0.999959252,14.58284613
Byrum_061019_MDA_NoTX_02.raw,Histone H3.1t OS=Homo sapiens OX=9606 GN=HIST3H3 PE=1 SV=3,k122,k122: Unmodified,396894866.8,396994880,0.999748074,0.999747822,11.95290871
Byrum_061019_MDA_NoTX_02.raw,Histone H3.1t OS=Homo sapiens OX=9606 GN=HIST3H3 PE=1 SV=3,k36,k36: Unmodified,124765874.6,125389325.6,0.995027879,0.995027085,7.644500256
Byrum_061019_MDA_NoTX_02.raw,Histone H3.1t OS=Homo sapiens OX=9606 GN=HIST3H3 PE=1 SV=3,k79,k79: Unmodified,3998502.563,4150246.656,0.963437331,0.963414118,4.718797114
Byrum_061019_MDA_NoTX_02.raw,Histone H3.1t OS=Homo sapiens OX=9606 GN=HIST3H3 PE=1 SV=3,k56,k56: Unmodified,136216430.6,141839687.1,0.960354844,0.960354167,4.598325412
Byrum_061019_MDA_NoTX_02.raw,Histone H3.1t OS=Homo sapiens OX=9606 GN=HIST3H3 PE=1 SV=3,k27,k27: Dimethyl,60797093.52,125389325.6,0.48486658,0.484866194,-0.087360553
Byrum_061019_MDA_NoTX_02.raw,Histone H3.1t OS=Homo sapiens OX=9606 GN=HIST3H3 PE=1 SV=3,k9,k9: Dimethyl,616103296.8,1480958266,0.41601665,0.416016622,-0.489286134
Byrum_061019_MDA_NoTX_02.raw,Histone H3.1t OS=Homo sapiens OX=9606 GN=HIST3H3 PE=1 SV=3,k9,k9: Methyl,511090424.5,1480958266,0.345107918,0.345107895,-0.92420976
Byrum_061019_MDA_NoTX_02.raw,Histone H3.1t OS=Homo sapiens OX=9606 GN=HIST3H3 PE=1 SV=3,k27,k27: Methyl,36279728.66,125389325.6,0.28933666,0.289336429,-1.296418769
Byrum_061019_MDA_NoTX_02.raw,Histone H3.1t OS=Homo sapiens OX=9606 GN=HIST3H3 PE=1 SV=3,k9,k9: Trimethyl,338851771.5,1480958266,0.228805753,0.228805738,-1.752971087
Byrum_061019_MDA_NoTX_02.raw,Histone H3.1t OS=Homo sapiens OX=9606 GN=HIST3H3 PE=1 SV=3,k27,k27: Trimethyl,19795545.81,125389325.6,0.157872656,0.15787253,-2.415278467
Byrum_061019_MDA_NoTX_02.raw,Histone H3.1t OS=Homo sapiens OX=9606 GN=HIST3H3 PE=1 SV=3,k27,k27: Unmodified,8516957.594,125389325.6,0.067924104,0.06792405,-3.778453133
Byrum_061019_MDA_NoTX_02.raw,Histone H3.1t OS=Homo sapiens OX=9606 GN=HIST3H3 PE=1 SV=3,k56,k56: Methyl,5623256.5,141839687.1,0.039645156,0.039645128,-4.598352127
Byrum_061019_MDA_NoTX_02.raw,Histone H3.1t OS=Homo sapiens OX=9606 GN=HIST3H3 PE=1 SV=3,k79,k79: Methyl,151744.0938,4150246.656,0.036562669,0.036561788,-4.719783623
Byrum_061019_MDA_NoTX_02.raw,Histone H3.1t OS=Homo sapiens OX=9606 GN=HIST3H3 PE=1 SV=3,k9,k9: Unmodified,14912773.6,1480958266,0.010069678,0.010069678,-6.619237554
Byrum_061019_MDA_NoTX_02.raw,Histone H3.1t OS=Homo sapiens OX=9606 GN=HIST3H3 PE=1 SV=3,k36,k36: Methyl,623450.9375,125389325.6,0.004972121,0.004972117,-7.644732799
Byrum_061019_MDA_NoTX_02.raw,Histone H3.1t OS=Homo sapiens OX=9606 GN=HIST3H3 PE=1 SV=3,k122,k122: Methyl,100013.2188,396994880,0.000251926,0.000251926,-11.95435086
Byrum_061019_MDA_NoTX_02.raw,Histone H3.1t OS=Homo sapiens OX=9606 GN=HIST3H3 PE=1 SV=3,k14,k14: Acetyl,60246.35547,1480958266,4.07E-05,4.07E-05,-14.5852389
Byrum_061019_MDA_NoTX_02.raw,Histone H3.3 OS=Homo sapiens OX=9606 GN=H3-3A PE=1 SV=2,k36,k36: Unmodified,3368791.984,3368791.984,1,0.999970317,15.03994373
Byrum_061019_MDA_NoTX_02.raw,Histone H3.3 OS=Homo sapiens OX=9606 GN=H3-3A PE=1 SV=2,k14,k14: Unmodified,1480898020,1480958266,0.999959319,0.999959252,14.58284613
Byrum_061019_MDA_NoTX_02.raw,Histone H3.3 OS=Homo sapiens OX=9606 GN=H3-3A PE=1 SV=2,k122,k122: Unmodified,396894866.8,396994880,0.999748074,0.999747822,11.95290871
Byrum_061019_MDA_NoTX_02.raw,Histone H3.3 OS=Homo sapiens OX=9606 GN=H3-3A PE=1 SV=2,k18,k18: Unmodified,1572166833,1579440313,0.9953949,0.995394837,7.755872895
Byrum_061019_MDA_NoTX_02.raw,Histone H3.3 OS=Homo sapiens OX=9606 GN=H3-3A PE=1 SV=2,k27,k27: Unmodified,99777247.77,101850838.6,0.979640906,0.979639944,5.588438144
Byrum_061019_MDA_NoTX_02.raw,Histone H3.3 OS=Homo sapiens OX=9606 GN=H3-3A PE=1 SV=2,k79,k79: Unmodified,3998502.563,4150246.656,0.963437331,0.963414118,4.718797114
Byrum_061019_MDA_NoTX_02.raw,Histone H3.3 OS=Homo sapiens OX=9606 GN=H3-3A PE=1 SV=2,k56,k56: Unmodified,136216430.6,141839687.1,0.960354844,0.960354167,4.598325412
Byrum_061019_MDA_NoTX_02.raw,Histone H3.3 OS=Homo sapiens OX=9606 GN=H3-3A PE=1 SV=2,k23,k23: Unmodified,87538267.81,98482046.63,0.888875392,0.88887449,2.999789677
Byrum_061019_MDA_NoTX_02.raw,Histone H3.3 OS=Homo sapiens OX=9606 GN=H3-3A PE=1 SV=2,k9,k9: Dimethyl,616103296.8,1480958266,0.41601665,0.416016622,-0.489286134
Byrum_061019_MDA_NoTX_02.raw,Histone H3.3 OS=Homo sapiens OX=9606 GN=H3-3A PE=1 SV=2,k9,k9: Methyl,511090424.5,1480958266,0.345107918,0.345107895,-0.92420976
Byrum_061019_MDA_NoTX_02.raw,Histone H3.3 OS=Homo sapiens OX=9606 GN=H3-3A PE=1 SV=2,k9,k9: Trimethyl,338851771.5,1480958266,0.228805753,0.228805738,-1.752971087
Byrum_061019_MDA_NoTX_02.raw,Histone H3.3 OS=Homo sapiens OX=9606 GN=H3-3A PE=1 SV=2,k23,k23: Acetyl,10943778.81,98482046.63,0.111124608,0.111124495,-2.999804508
Byrum_061019_MDA_NoTX_02.raw,Histone H3.3 OS=Homo sapiens OX=9606 GN=H3-3A PE=1 SV=2,k56,k56: Methyl,5623256.5,141839687.1,0.039645156,0.039645128,-4.598352127
Byrum_061019_MDA_NoTX_02.raw,Histone H3.3 OS=Homo sapiens OX=9606 GN=H3-3A PE=1 SV=2,k79,k79: Methyl,151744.0938,4150246.656,0.036562669,0.036561788,-4.719783623
Byrum_061019_MDA_NoTX_02.raw,Histone H3.3 OS=Homo sapiens OX=9606 GN=H3-3A PE=1 SV=2,k27,k27: Methyl,1673203.375,101850838.6,0.016427978,0.016427962,-5.903805278
Byrum_061019_MDA_NoTX_02.raw,Histone H3.3 OS=Homo sapiens OX=9606 GN=H3-3A PE=1 SV=2,k9,k9: Unmodified,14912773.6,1480958266,0.010069678,0.010069678,-6.619237554
Byrum_061019_MDA_NoTX_02.raw,Histone H3.3 OS=Homo sapiens OX=9606 GN=H3-3A PE=1 SV=2,k18,k18: Methyl,7273480.438,1579440313,0.0046051,0.0046051,-7.755892821
Byrum_061019_MDA_NoTX_02.raw,Histone H3.3 OS=Homo sapiens OX=9606 GN=H3-3A PE=1 SV=2,k27,k27: Trimethyl,400387.4688,101850838.6,0.003931116,0.003931112,-7.985164166
Byrum_061019_MDA_NoTX_02.raw,Histone H3.3 OS=Homo sapiens OX=9606 GN=H3-3A PE=1 SV=2,k122,k122: Methyl,100013.2188,396994880,0.000251926,0.000251926,-11.95435086
Byrum_061019_MDA_NoTX_02.raw,Histone H3.3 OS=Homo sapiens OX=9606 GN=H3-3A PE=1 SV=2,k14,k14: Acetyl,60246.35547,1480958266,4.07E-05,4.07E-05,-14.5852389
Byrum_061019_MDA_NoTX_02.raw,Histone H4 OS=Homo sapiens OX=9606 GN=H4C1 PE=1 SV=2,k16,k16: Unmodified,36975883.66,36975883.66,1,0.999997296,18.4962251
Byrum_061019_MDA_NoTX_02.raw,Histone H4 OS=Homo sapiens OX=9606 GN=H4C1 PE=1 SV=2,k31,k31: Unmodified,1649309585,1649465721,0.999905342,0.999905281,13.36585173
Byrum_061019_MDA_NoTX_02.raw,Histone H4 OS=Homo sapiens OX=9606 GN=H4C1 PE=1 SV=2,k20,k20: Dimethyl,298551020.9,427442846.8,0.698458339,0.698458176,1.21181561
Byrum_061019_MDA_NoTX_02.raw,Histone H4 OS=Homo sapiens OX=9606 GN=H4C1 PE=1 SV=2,r55,r55: Unmodified,3215027.313,4627255.57,0.694802192,0.694787177,1.18675555
Byrum_061019_MDA_NoTX_02.raw,Histone H4 OS=Homo sapiens OX=9606 GN=H4C1 PE=1 SV=2,k20,k20: Methyl,97823040.84,427442846.8,0.228856423,0.228856369,-1.752557153
Byrum_061019_MDA_NoTX_02.raw,Histone H4 OS=Homo sapiens OX=9606 GN=H4C1 PE=1 SV=2,r55,r55: Methyl,1002439.539,4627255.57,0.216638032,0.21663335,-1.854432352
Byrum_061019_MDA_NoTX_02.raw,Histone H4 OS=Homo sapiens OX=9606 GN=H4C1 PE=1 SV=2,r55,r55: Dimethyl,409788.7188,4627255.57,0.088559776,0.088557863,-3.363458763
Byrum_061019_MDA_NoTX_02.raw,Histone H4 OS=Homo sapiens OX=9606 GN=H4C1 PE=1 SV=2,k20,k20: Unmodified,31068785.02,427442846.8,0.072685238,0.072685221,-3.673325192
Byrum_061019_MDA_NoTX_02.raw,Histone H4 OS=Homo sapiens OX=9606 GN=H4C1 PE=1 SV=2,k31,k31: Dimethyl,156135.5625,1649465721,9.47E-05,9.47E-05,-13.36677552
Byrum_061019_MDA_NoTX_02.raw,Stathmin OS=Homo sapiens OX=9606 GN=STMN1 PE=1 SV=3,s24,s24: Unmodified,552748.8125,552748.8125,1,0.999819119,12.43240831
Byrum_061019_MDA_NoTX_02.raw,Stathmin OS=Homo sapiens OX=9606 GN=STMN1 PE=1 SV=3,k8,k8: Methyl,81479.63281,81479.63281,1,0.998774204,9.670295669
Byrum_061019_MDA_NoTX_03.raw,Heterogeneous nuclear ribonucleoproteins C1/C2 OS=Homo sapiens OX=9606 GN=HNRNPC PE=1 SV=4,k7,k7: Unmodified,195530.5625,195530.5625,1,0.999488832,10.93317841
Byrum_061019_MDA_NoTX_03.raw,High mobility group protein HMG-I/HMG-Y OS=Homo sapiens OX=9606 GN=HMGA1 PE=1 SV=3,k17,k17: Methyl,213709.1406,273363.6172,0.781776093,0.781490214,1.838529912
Byrum_061019_MDA_NoTX_03.raw,High mobility group protein HMG-I/HMG-Y OS=Homo sapiens OX=9606 GN=HMGA1 PE=1 SV=3,k17,k17: Unmodified,59654.47656,273363.6172,0.218223907,0.218144107,-1.841621222
Byrum_061019_MDA_NoTX_03.raw,Histone H3.1t OS=Homo sapiens OX=9606 GN=HIST3H3 PE=1 SV=3,k14,k14: Unmodified,555670917.1,555670917.1,1,0.99999982,22.4057993
Byrum_061019_MDA_NoTX_03.raw,Histone H3.1t OS=Homo sapiens OX=9606 GN=HIST3H3 PE=1 SV=3,k122,k122: Unmodified,251327482,251327482,1,0.999999602,21.261137
Byrum_061019_MDA_NoTX_03.raw,Histone H3.1t OS=Homo sapiens OX=9606 GN=HIST3H3 PE=1 SV=3,k56,k56: Unmodified,36687028.79,36687028.79,1,0.999997274,18.48491054
Byrum_061019_MDA_NoTX_03.raw,Histone H3.1t OS=Homo sapiens OX=9606 GN=HIST3H3 PE=1 SV=3,k36,k36: Unmodified,69205466.94,71310060.76,0.97048672,0.970485359,5.039203734
Byrum_061019_MDA_NoTX_03.raw,Histone H3.1t OS=Homo sapiens OX=9606 GN=HIST3H3 PE=1 SV=3,k79,k79: Unmodified,2030834.781,2120245.125,0.957830185,0.957785012,4.503874655
Byrum_061019_MDA_NoTX_03.raw,Histone H3.1t OS=Homo sapiens OX=9606 GN=HIST3H3 PE=1 SV=3,k9,k9: Methyl,417661499.3,555670917.1,0.751634621,0.751634486,1.597566394
Byrum_061019_MDA_NoTX_03.raw,Histone H3.1t OS=Homo sapiens OX=9606 GN=HIST3H3 PE=1 SV=3,k27,k27: Dimethyl,25934581.14,71310060.76,0.363687548,0.363687038,-0.807039002
Byrum_061019_MDA_NoTX_03.raw,Histone H3.1t OS=Homo sapiens OX=9606 GN=HIST3H3 PE=1 SV=3,k27,k27: Methyl,21979111.63,71310060.76,0.308218944,0.308218512,-1.166362895
Byrum_061019_MDA_NoTX_03.raw,Histone H3.1t OS=Homo sapiens OX=9606 GN=HIST3H3 PE=1 SV=3,k9,k9: Trimethyl,133166630.9,555670917.1,0.239650172,0.239650129,-1.665733704
Byrum_061019_MDA_NoTX_03.raw,Histone H3.1t OS=Homo sapiens OX=9606 GN=HIST3H3 PE=1 SV=3,k27,k27: Trimethyl,14731071.72,71310060.76,0.206577747,0.206577458,-1.941406555
Byrum_061019_MDA_NoTX_03.raw,Histone H3.1t OS=Homo sapiens OX=9606 GN=HIST3H3 PE=1 SV=3,k27,k27: Unmodified,8665296.271,71310060.76,0.121515761,0.12151559,-2.853875263
Byrum_061019_MDA_NoTX_03.raw,Histone H3.1t OS=Homo sapiens OX=9606 GN=HIST3H3 PE=1 SV=3,k79,k79: Methyl,89410.34375,2120245.125,0.042169815,0.042167826,-4.505558357
Byrum_061019_MDA_NoTX_03.raw,Histone H3.1t OS=Homo sapiens OX=9606 GN=HIST3H3 PE=1 SV=3,k36,k36: Methyl,2104593.816,71310060.76,0.02951328,0.029513239,-5.039274367
Byrum_061019_MDA_NoTX_03.raw,Histone H3.1t OS=Homo sapiens OX=9606 GN=HIST3H3 PE=1 SV=3,k9,k9: Unmodified,3622112.594,555670917.1,0.006518449,0.006518448,-7.251820873
Byrum_061019_MDA_NoTX_03.raw,Histone H3.1t OS=Homo sapiens OX=9606 GN=HIST3H3 PE=1 SV=3,k9,k9: Dimethyl,959333.1016,555670917.1,0.001726441,0.001726441,-9.17549056
Byrum_061019_MDA_NoTX_03.raw,Histone H3.1t OS=Homo sapiens OX=9606 GN=HIST3H3 PE=1 SV=3,k9,k9: Acetyl,261341.2344,555670917.1,0.000470317,0.000470316,-11.05340182
Byrum_061019_MDA_NoTX_03.raw,Histone H3.3 OS=Homo sapiens OX=9606 GN=H3-3A PE=1 SV=2,k14,k14: Unmodified,555670917.1,555670917.1,1,0.99999982,22.4057993
Byrum_061019_MDA_NoTX_03.raw,Histone H3.3 OS=Homo sapiens OX=9606 GN=H3-3A PE=1 SV=2,k122,k122: Unmodified,251327482,251327482,1,0.999999602,21.261137
Byrum_061019_MDA_NoTX_03.raw,Histone H3.3 OS=Homo sapiens OX=9606 GN=H3-3A PE=1 SV=2,k56,k56: Unmodified,36687028.79,36687028.79,1,0.999997274,18.48491054
Byrum_061019_MDA_NoTX_03.raw,Histone H3.3 OS=Homo sapiens OX=9606 GN=H3-3A PE=1 SV=2,k27,k27: Unmodified,24540633.63,24540633.63,1,0.999995925,17.90481297
Byrum_061019_MDA_NoTX_03.raw,Histone H3.3 OS=Homo sapiens OX=9606 GN=H3-3A PE=1 SV=2,k23,k23: Unmodified,23490728.38,23490728.38,1,0.999995743,17.84173192
Byrum_061019_MDA_NoTX_03.raw,Histone H3.3 OS=Homo sapiens OX=9606 GN=H3-3A PE=1 SV=2,k36,k36: Unmodified,1049905.25,1049905.25,1,0.999904762,13.35797152
Byrum_061019_MDA_NoTX_03.raw,Histone H3.3 OS=Homo sapiens OX=9606 GN=H3-3A PE=1 SV=2,k18,k18: Unmodified,574757905,579161645.5,0.992396353,0.992396182,7.028048375
Byrum_061019_MDA_NoTX_03.raw,Histone H3.3 OS=Homo sapiens OX=9606 GN=H3-3A PE=1 SV=2,k79,k79: Unmodified,2030834.781,2120245.125,0.957830185,0.957785012,4.503874655
Byrum_061019_MDA_NoTX_03.raw,Histone H3.3 OS=Homo sapiens OX=9606 GN=H3-3A PE=1 SV=2,k9,k9: Methyl,417661499.3,555670917.1,0.751634621,0.751634486,1.597566394
Byrum_061019_MDA_NoTX_03.raw,Histone H3.3 OS=Homo sapiens OX=9606 GN=H3-3A PE=1 SV=2,k9,k9: Trimethyl,133166630.9,555670917.1,0.239650172,0.239650129,-1.665733704
Byrum_061019_MDA_NoTX_03.raw,Histone H3.3 OS=Homo sapiens OX=9606 GN=H3-3A PE=1 SV=2,k79,k79: Methyl,89410.34375,2120245.125,0.042169815,0.042167826,-4.505558357
Byrum_061019_MDA_NoTX_03.raw,Histone H3.3 OS=Homo sapiens OX=9606 GN=H3-3A PE=1 SV=2,k18,k18: Methyl,4403740.5,579161645.5,0.007603647,0.007603645,-7.028081387
Byrum_061019_MDA_NoTX_03.raw,Histone H3.3 OS=Homo sapiens OX=9606 GN=H3-3A PE=1 SV=2,k9,k9: Unmodified,3622112.594,555670917.1,0.006518449,0.006518448,-7.251820873
Byrum_061019_MDA_NoTX_03.raw,Histone H3.3 OS=Homo sapiens OX=9606 GN=H3-3A PE=1 SV=2,k9,k9: Dimethyl,959333.1016,555670917.1,0.001726441,0.001726441,-9.17549056
Byrum_061019_MDA_NoTX_03.raw,Histone H3.3 OS=Homo sapiens OX=9606 GN=H3-3A PE=1 SV=2,k9,k9: Acetyl,261341.2344,555670917.1,0.000470317,0.000470316,-11.05340182
Byrum_061019_MDA_NoTX_03.raw,Histone H4 OS=Homo sapiens OX=9606 GN=H4C1 PE=1 SV=2,k31,k31: Unmodified,690687003.4,690687003.4,1,0.999999855,22.71960065
Byrum_061019_MDA_NoTX_03.raw,Histone H4 OS=Homo sapiens OX=9606 GN=H4C1 PE=1 SV=2,k16,k16: Unmodified,5195901,5195901,1,0.999980754,15.66508632
Byrum_061019_MDA_NoTX_03.raw,Histone H4 OS=Homo sapiens OX=9606 GN=H4C1 PE=1 SV=2,r55,r55: Unmodified,2725084.844,3229428.547,0.843828809,0.84380268,2.433535972
Byrum_061019_MDA_NoTX_03.raw,Histone H4 OS=Homo sapiens OX=9606 GN=H4C1 PE=1 SV=2,k20,k20: Dimethyl,87788169.75,128598617.3,0.682652517,0.682651986,1.105084469
Byrum_061019_MDA_NoTX_03.raw,Histone H4 OS=Homo sapiens OX=9606 GN=H4C1 PE=1 SV=2,k20,k20: Methyl,32287372.88,128598617.3,0.251070918,0.251070723,-1.576735684
Byrum_061019_MDA_NoTX_03.raw,Histone H4 OS=Homo sapiens OX=9606 GN=H4C1 PE=1 SV=2,r55,r55: Methyl,504343.7031,3229428.547,0.156171191,0.156166355,-2.433874938
Byrum_061019_MDA_NoTX_03.raw,Histone H4 OS=Homo sapiens OX=9606 GN=H4C1 PE=1 SV=2,k20,k20: Unmodified,8523074.697,128598617.3,0.066276566,0.066276514,-3.816425743
Byrum_061019_MDA_NoTX_03.raw,Stathmin OS=Homo sapiens OX=9606 GN=STMN1 PE=1 SV=3,k8,k8: Methyl,73238.71094,73238.71094,1,0.998636464,9.516462588
Byrum_061019_MDA_NoTX_03.raw,Stathmin OS=Homo sapiens OX=9606 GN=STMN1 PE=1 SV=3,s24,s24: Unmodified,397417.9375,415345.1523,0.95683779,0.956607473,4.462408564
Byrum_061019_MDA_NoTX_03.raw,Stathmin OS=Homo sapiens OX=9606 GN=STMN1 PE=1 SV=3,s24,s24: Phospho,17927.21484,415345.1523,0.04316221,0.043151821,-4.470796687
